{
  "generated_at": "2026-03-20T21:10:28",
  "dataset": "DS-02",
  "sample_count": 4096,
  "preset": "vibration",
  "workstreams": {
    "WI-1": {
      "flag": "ZPE_IOT_WI1_ENTROPY_STAGE",
      "dt10_thresholds": [
        0.001,
        0.002,
        0.005,
        0.01,
        0.02,
        0.05,
        0.1,
        0.2,
        0.5
      ],
      "dt10_crs": [
        11.525852972212451,
        11.525852972212451,
        11.525852972212451,
        11.525852972212451,
        11.525852972212451,
        11.554301833568406,
        11.554301833568406,
        11.393602225312934,
        11.393602225312934
      ],
      "fullstream_probe": [
        {
          "threshold": 0.1,
          "raw_len": 7892,
          "wrapped_len": 2836,
          "wrapped": true,
          "cr": 11.554301833568406
        },
        {
          "threshold": 0.2,
          "raw_len": 7888,
          "wrapped_len": 2876,
          "wrapped": true,
          "cr": 11.393602225312934
        },
        {
          "threshold": 0.5,
          "raw_len": 7878,
          "wrapped_len": 2876,
          "wrapped": true,
          "cr": 11.393602225312934
        }
      ],
      "zlib_level_sweep": {
        "1": {
          "0.1": 2836,
          "0.2": 2876,
          "0.5": 2876
        },
        "2": {
          "0.1": 2817,
          "0.2": 2824,
          "0.5": 2832
        },
        "3": {
          "0.1": 2782,
          "0.2": 2801,
          "0.5": 2801
        },
        "4": {
          "0.1": 2778,
          "0.2": 2785,
          "0.5": 2789
        },
        "5": {
          "0.1": 2756,
          "0.2": 2772,
          "0.5": 2773
        },
        "6": {
          "0.1": 2756,
          "0.2": 2773,
          "0.5": 2771
        },
        "7": {
          "0.1": 2757,
          "0.2": 2774,
          "0.5": 2773
        },
        "8": {
          "0.1": 2757,
          "0.2": 2774,
          "0.5": 2773
        },
        "9": {
          "0.1": 2757,
          "0.2": 2774,
          "0.5": 2773
        }
      },
      "monotonic_breaks": [
        {
          "from_threshold": 0.1,
          "to_threshold": 0.2,
          "from_cr": 11.554301833568406,
          "to_cr": 11.393602225312934
        }
      ],
      "level_tuning_survives_failure": true
    },
    "ZH-1": {
      "flag": "ZPE_IOT_ZH1_DERIVATIVE_STAGE",
      "dt10_thresholds": [
        0.001,
        0.002,
        0.005,
        0.01,
        0.02,
        0.05,
        0.1,
        0.2,
        0.5
      ],
      "dt10_crs": [
        8.820457604306863,
        8.820457604306863,
        8.820457604306863,
        8.820457604306863,
        8.820457604306863,
        8.82283252557889,
        8.825208726097495,
        8.794417606011809,
        8.74512943688284
      ],
      "fullstream_probe": [
        {
          "threshold": 0.1,
          "raw_len": 7892,
          "wrapped_len": 3713,
          "wrapped": true,
          "cr": 8.825208726097495
        },
        {
          "threshold": 0.2,
          "raw_len": 7888,
          "wrapped_len": 3726,
          "wrapped": true,
          "cr": 8.794417606011809
        },
        {
          "threshold": 0.5,
          "raw_len": 7878,
          "wrapped_len": 3747,
          "wrapped": true,
          "cr": 8.74512943688284
        }
      ],
      "zlib_level_sweep": {
        "1": {
          "0.1": 3713,
          "0.2": 3726,
          "0.5": 3747
        },
        "2": {
          "0.1": 3692,
          "0.2": 3714,
          "0.5": 3717
        },
        "3": {
          "0.1": 3687,
          "0.2": 3708,
          "0.5": 3714
        },
        "4": {
          "0.1": 3658,
          "0.2": 3678,
          "0.5": 3686
        },
        "5": {
          "0.1": 3658,
          "0.2": 3678,
          "0.5": 3686
        },
        "6": {
          "0.1": 3658,
          "0.2": 3678,
          "0.5": 3686
        },
        "7": {
          "0.1": 3658,
          "0.2": 3678,
          "0.5": 3686
        },
        "8": {
          "0.1": 3658,
          "0.2": 3678,
          "0.5": 3686
        },
        "9": {
          "0.1": 3658,
          "0.2": 3678,
          "0.5": 3686
        }
      },
      "monotonic_breaks": [
        {
          "from_threshold": 0.1,
          "to_threshold": 0.2,
          "from_cr": 8.825208726097495,
          "to_cr": 8.794417606011809
        },
        {
          "from_threshold": 0.2,
          "to_threshold": 0.5,
          "from_cr": 8.794417606011809,
          "to_cr": 8.74512943688284
        }
      ],
      "level_tuning_survives_failure": true
    }
  },
  "verdict": {
    "summary": "Both experimental packet-wrapper workstreams remain DT-10 failures after the native parity fix. For both families, the full-stream wrapped packet grows from threshold 0.1 to 0.2 across zlib levels 1-9, so the monotonicity break survives simple compression-level retuning."
  }
}
